Hour,Minute,Traffic,Sources,UDP,TCP
0,0,2106929,96487,135443,1896381
0,1,1989633,96519,137213,1775975
0,2,1974694,97867,139253,1758867
0,3,1490345,98306,139985,1275096
0,4,1359381,98348,139029,1144330
0,5,1441198,98738,137849,1226879
0,6,1433223,96128,127213,1230409
0,7,1433294,95662,130614,1225996
0,8,1403888,96161,133879,1194434
0,9,1391366,96222,123078,1191576
0,10,1427235,96370,118792,1235297
0,11,1453743,96240,118323,1261281
0,12,1417554,97224,122999,1217347
0,13,1338263,97509,125532,1132545
0,14,1367131,96928,122610,1168299
0,15,1314308,96312,120212,1117379
0,16,1293022,94811,118708,1096778
0,17,1287717,93569,114237,1096333
0,18,1290579,94196,115273,1098932
0,19,1295563,96102,121143,1098365
0,20,1356421,96657,124231,1154835
0,21,1315543,96576,124580,1114272
0,22,1359790,96761,124135,1161490
0,23,1386303,97430,128099,1180281
0,24,1389304,97729,129415,1182654
0,25,1318385,98248,131115,1108691
0,26,1294084,99042,135222,1080612
0,27,1284144,98614,132335,1073123
0,28,1281065,98429,132673,1068735
0,29,1209802,99299,133171,999026
0,30,1092236,99747,136365,875815
0,31,1039186,98924,136069,826200
0,32,1071022,100125,139967,851439
0,33,1133855,99460,137517,915603
0,34,1455793,100551,138327,1235749
0,35,2279595,100263,137654,2057197
0,36,2325114,100321,137846,2083292
0,37,2359100,99870,139175,2114773
0,38,2397064,99719,140004,2163612
0,39,2425022,100211,140999,2201240
0,40,3883673,100108,137429,3668178
0,41,6876513,99221,134117,6666848
0,42,6480930,99794,139341,6266801
0,43,5929710,99696,135420,5719644
0,44,2174866,100207,135551,1965328
0,45,1213913,100154,136627,1004334
0,46,1260718,102088,142736,1043466
0,47,1136632,102869,141479,920506
0,48,1068764,101350,140386,853946
0,49,1642914,99277,134186,1435153
0,50,2042022,98809,133932,1833996
0,51,2095598,98477,132976,1882945
0,52,2049664,98839,134788,1826619
0,53,2030128,98553,132722,1813701
0,54,2053894,99468,133528,1838210
0,55,2082639,98920,132073,1873257
0,56,2135792,98400,132199,1925352
0,57,2107515,98485,132899,1860512
0,58,2094932,98832,131877,1872307
0,59,2200521,98274,132348,1992736
1,0,2078749,96923,132921,1871597
1,1,2079104,97342,127669,1878090
1,2,2199249,98133,127878,1998171
1,3,2053487,97693,124962,1856530
1,4,2102872,97348,125612,1904970
1,5,1993865,98326,126956,1799067
1,6,2032793,97593,126601,1808739
1,7,1212403,97543,122147,992645
1,8,1085391,98694,126740,855975
1,9,1065340,98001,122512,843066
1,10,1112113,99327,125678,890354
1,11,1112375,98834,125661,887269
1,12,1076615,98294,125122,853561
1,13,1091624,98790,127669,861892
1,14,1109561,98234,124191,886552
1,15,1142959,98017,124129,921903
1,16,1121614,98916,127818,896233
1,17,1117847,98765,124703,891058
1,18,1283872,99555,128079,1058686
1,19,1165123,99851,126295,940291
1,20,1134790,99638,126567,902744
1,21,1090508,99051,128268,859497
1,22,1087101,99430,127114,859560
1,23,1076908,99327,125615,849043
1,24,1098674,98445,124837,874547
1,25,1267203,98046,125810,1041239
1,26,1206510,98339,125020,985276
1,27,1177738,98330,125682,950050
1,28,1183977,99031,128665,941469
1,29,1224187,101332,137441,974092
1,30,1543709,101725,137922,1289254
1,31,1646118,100802,135354,1397822
1,32,2459422,100856,135351,2208437
1,33,2757750,100649,135157,2512092
1,34,2849160,100899,133625,2599526
1,35,2813574,101022,138924,2556117
1,36,3992629,101207,135333,3744910
1,37,4663942,101076,135828,4416093
1,38,4538147,100998,137254,4288916
1,39,4151299,101640,137087,3887316
1,40,4134150,101955,138190,3858019
1,41,4263877,101871,139940,3989987
1,42,4211246,101469,137601,3944431
1,43,4168103,101035,136695,3918974
1,44,4214098,99884,136685,3964486
1,45,2394360,99804,130675,2152100
1,46,1235133,99404,131266,991365
1,47,1107726,99463,130688,861393
1,48,1122765,98716,131031,860122
1,49,1105647,99574,133973,863330
1,50,1155283,99681,138244,889085
1,51,1230639,99980,137441,954469
1,52,1212977,100052,136374,941133
1,53,1150466,100772,140461,878477
1,54,1129392,100892,143195,888391
1,55,1116404,99936,141870,884565
1,56,1132036,101016,143887,899796
1,57,1114387,101338,145266,880461
1,58,1117845,101431,149768,883752
1,59,1107025,101489,154001,874572
2,0,1064742,100868,149053,853722
2,1,1716584,99964,142914,1512348
2,2,2422691,100459,141791,2219114
2,3,2416817,100602,144893,2210869
2,4,3502704,100326,142045,3299498
2,5,3966148,100170,143260,3762063
2,6,3894353,100495,141862,3691157
2,7,2433864,99257,139845,2232630
2,8,2426417,99847,138263,2227847
2,9,2405767,99634,137433,2207297
2,10,2402786,99470,136422,2200534
2,11,2547424,98933,135351,2344035
2,12,2376267,100398,138734,2169568
2,13,2202349,99403,141563,1979828
2,14,1084607,98661,140589,860144
2,15,1020491,99924,142594,794696
2,16,1035685,99238,134383,816678
2,17,1397207,99787,136954,1175393
2,18,1831122,99302,139655,1608025
2,19,1865689,98986,136402,1642706
2,20,1903275,98897,135524,1681882
2,21,2030826,98202,134663,1811321
2,22,2235106,98238,133650,2007596
2,23,2210061,98009,131752,1980508
2,24,2309641,98330,134707,2077314
2,25,2617735,98423,137370,2353116
2,26,1105261,98593,136436,862388
2,27,1083252,98967,136667,847096
2,28,1086070,98437,134988,800798
2,29,1090449,98296,133131,809278
2,30,1079867,98168,135181,797469
2,31,1032656,98301,132747,797806
2,32,1001062,97781,131914,769644
2,33,1006432,97620,131408,776467
2,34,1016212,98158,132171,784294
2,35,1016981,97621,129156,789467
2,36,1036806,97484,128865,809603
2,37,1048106,96401,126736,821974
2,38,1010541,96424,126608,783240
2,39,1015497,96693,125314,789688
2,40,1020501,96150,127387,793290
2,41,1059336,95661,124153,836309
2,42,1037576,96847,126266,810951
2,43,978968,97350,130530,752833
2,44,986400,97266,126945,764933
2,45,972005,97387,127374,750505
2,46,967516,98569,129743,743392
2,47,965919,98029,127803,743659
2,48,1017308,97834,128168,794249
2,49,1030333,99096,132644,802576
2,50,1039964,99252,135539,808119
2,51,1032380,98928,134103,802192
2,52,1043896,98326,132531,813298
2,53,1050043,99030,138987,815386
2,54,1038286,97999,132781,810233
2,55,1074701,98296,132381,845850
2,56,1074174,98549,130537,845920
2,57,1007175,98516,132770,775640
2,58,985668,99436,135881,758807
2,59,1029560,99325,129388,809033
3,0,1072842,99454,131450,850988
3,1,1033950,98889,136841,808950
3,2,1035552,98851,137383,808792
3,3,1028926,99843,143073,797546
3,4,1034045,100782,144080,801045
3,5,1020122,100923,140668,789376
3,6,1029442,101218,146319,792912
3,7,1053099,101158,150218,812039
3,8,1109693,101261,149333,870129
3,9,1054803,101811,149912,813791
3,10,1040827,101889,151672,798934
3,11,1037836,101424,149839,799431
3,12,1042007,101917,149530,800895
3,13,1024693,101384,146329,788784
3,14,1099517,101498,147608,862822
3,15,1092673,102423,150310,852671
3,16,1083983,102344,151637,841648
3,17,1055137,101991,148526,816163
3,18,1047444,100775,144447,814339
3,19,1075771,101363,144799,841160
3,20,1038323,101360,144639,804470
3,21,1026997,100854,146800,790550
3,22,1029991,100339,142050,795960
3,23,1022771,98830,134146,798728
3,24,1026346,99226,135155,800664
3,25,1050979,98546,134239,826322
3,26,1011776,98982,131162,790077
3,27,996022,98576,127918,777818
3,28,968264,98134,131445,746405
3,29,988286,98346,131716,767034
3,30,1051157,98390,135146,825298
3,31,1048385,99029,133514,822725
3,32,1057715,98695,138190,824279
3,33,1102040,99407,142599,864863
3,34,1100344,99225,138719,873011
3,35,1118165,99167,133569,921481
3,36,1102297,99100,131480,908737
3,37,1127023,99295,128989,937773
3,38,1096881,100867,137719,898059
3,39,1098180,100563,137485,900610
3,40,1140141,100246,133476,945275
3,41,1117885,99900,135216,922276
3,42,1009634,99610,135993,811574
3,43,1018708,101182,139004,818137
3,44,966291,100977,139766,766583
3,45,965940,100196,138602,767079
3,46,963301,100198,136888,766751
3,47,965408,100587,139342,765861
3,48,964386,100952,138376,759635
3,49,951690,99535,135767,739703
3,50,968806,99693,135095,758167
3,51,1001536,100857,136149,787204
3,52,963038,101763,139006,746905
3,53,980921,101411,141486,751868
3,54,1082573,102016,142894,851273
3,55,971743,100918,140153,743752
3,56,982090,101293,143581,761788
3,57,997387,100607,139499,781604
3,58,1011805,100277,140684,785230
3,59,1009711,100659,136931,780345
4,0,959185,99157,135641,736368
4,1,967501,98372,135336,735690
4,2,989105,98498,134836,766136
4,3,1092523,97653,128189,886836
4,4,994039,97794,132078,778898
4,5,968122,98205,130420,755043
4,6,978919,97991,133292,748601
4,7,1000369,98624,138823,777138
4,8,1039524,98816,141368,814464
4,9,967944,97510,136674,753813
4,10,963397,97083,135924,749391
4,11,977444,98166,133275,765581
4,12,985157,98352,129785,776036
4,13,1002896,97791,130437,791082
4,14,1019009,96633,126594,806474
4,15,1042031,95827,124887,826350
4,16,1021827,96843,133508,809723
4,17,992285,97523,140003,773462
4,18,993761,97854,125477,789986
4,19,989989,98199,121866,790744
4,20,992330,98707,125360,789058
4,21,987961,96551,121758,789405
4,22,982142,94729,111443,793767
4,23,1080478,95529,119284,884839
4,24,952391,96642,129030,745662
4,25,1067977,97408,129909,859939
4,26,968527,97949,129417,760392
4,27,967407,98107,133648,752975
4,28,953979,97636,127910,746631
4,29,938292,98215,131887,726393
4,30,932658,97623,130829,723269
4,31,923209,97141,128232,716405
4,32,963446,97939,129221,755257
4,33,1125984,97727,130216,917535
4,34,1122844,97277,128272,914858
4,35,1135246,97062,125728,929753
4,36,1089619,97468,128324,881377
4,37,1071911,97431,128027,860599
4,38,1096393,97919,130647,876751
4,39,1099711,97799,126800,894152
4,40,1149900,98143,126035,943634
4,41,1148876,97944,127788,941260
4,42,1083441,96825,127061,875710
4,43,1096036,97637,130232,884563
4,44,1102680,98319,129161,893950
4,45,1166717,98935,130286,956710
4,46,1236927,98911,129764,1027552
4,47,1236468,98371,127882,1028435
4,48,1152011,98898,131679,940535
4,49,1127002,99807,130287,916252
4,50,1157141,99830,130426,946025
4,51,1194395,100190,129664,983952
4,52,1185539,99939,129985,973710
4,53,1161812,100425,137527,943420
4,54,1155233,101098,139661,932485
4,55,1150577,100968,146475,912400
4,56,1095119,100457,138955,856869
4,57,1098854,101453,134654,869065
4,58,1120685,100668,146768,877086
4,59,1095368,101949,151397,848334
5,0,1093948,101679,151548,849229
5,1,1224460,100595,145185,995001
5,2,1353055,100489,145139,1123080
5,3,1503310,100804,142151,1276227
5,4,1367823,100586,138394,1145974
5,5,1371069,100998,141898,1144681
5,6,1351537,101031,144401,1122261
5,7,1521269,101534,142976,1293271
5,8,1277473,102134,141477,1052041
5,9,1258761,101219,139581,1035176
5,10,1269254,100373,139258,1050147
5,11,1286481,100023,138877,1066464
5,12,1230158,100725,142886,1006060
5,13,1230711,101174,140623,1006670
5,14,1274056,101110,125480,1057398
5,15,1246920,101568,129162,1023591
5,16,1249286,101579,128457,1026218
5,17,1268806,101100,127335,1046601
5,18,1240395,101562,130092,1020262
5,19,1239248,102662,129281,1014740
5,20,1184494,101788,131538,958076
5,21,1280262,102318,130914,1054195
5,22,1273068,102520,130206,1046526
5,23,1275059,102545,129447,1048858
5,24,1277671,103547,133141,1047905
5,25,1266791,103407,134509,1035486
5,26,1281805,104365,135866,1049021
5,27,1307744,104552,136526,1074124
5,28,1270894,104800,136130,1019029
5,29,1274167,105206,132297,1034070
5,30,1272680,104007,133900,1042737
5,31,1254329,105198,134115,1023503
5,32,1287821,104429,135024,1056424
5,33,1354077,104486,138781,1116562
5,34,1363100,104626,135674,1125274
5,35,1435091,103872,134844,1192117
5,36,1431484,103775,132584,1181667
5,37,1396758,103712,135002,1120996
5,38,1386250,103251,131955,1113162
5,39,1392909,104030,130127,1122483
5,40,1363950,104471,132680,1086363
5,41,1377102,102701,125133,1110903
5,42,1384784,102683,123735,1114648
5,43,1188302,102391,121353,919114
5,44,1110766,101622,121992,882400
5,45,1054124,102330,122391,836721
5,46,1053533,102352,122805,833700
5,47,1064960,103503,120766,848426
5,48,1102020,103383,122374,882372
5,49,1189590,102995,121801,970360
5,50,1128569,102633,121918,909599
5,51,1172799,102227,119830,956819
5,52,1124308,102719,120739,906081
5,53,1099989,102862,119503,882522
5,54,1201073,103361,120789,986591
5,55,1147508,103051,117492,937020
5,56,1073245,102860,118489,861906
5,57,1064911,103400,120039,858693
5,58,1112214,103378,117796,909670
5,59,1094359,103304,120716,888731
6,0,1075811,102970,119464,872354
6,1,1044385,103313,118320,842227
6,2,1035293,103048,119993,831981
6,3,1060722,103764,119201,857157
6,4,1096042,104201,120708,891632
6,5,1027290,104975,121436,820213
6,6,1013970,105767,121681,807170
6,7,988511,104583,119297,784471
6,8,956158,105406,118899,770279
6,9,1053335,105418,122145,862917
6,10,1012946,105312,120242,824107
6,11,997442,106362,122223,808064
6,12,1021773,105448,120868,832456
6,13,1029883,105340,121134,840902
6,14,1027405,105917,127834,831910
6,15,1032857,106118,129901,834889
6,16,997429,105946,122260,806848
6,17,1029092,106194,123278,837028
6,18,981780,105552,119885,793348
6,19,972070,105719,120772,783597
6,20,969539,106035,119021,782401
6,21,1018739,106359,119977,830026
6,22,977851,106061,118430,790830
6,23,981654,106049,119398,794397
6,24,1000040,106813,121297,811158
6,25,1033655,107656,121408,834501
6,26,1076523,107550,119644,870815
6,27,1093694,107267,119060,887849
6,28,1181513,107321,119687,976403
6,29,1005249,107434,120612,799955
6,30,998203,107904,121280,790750
6,31,1054631,108309,121494,849112
6,32,1018766,108114,121683,827976
6,33,981883,108276,123735,789831
6,34,991071,108612,119085,805098
6,35,987045,109526,122978,794162
6,36,988991,109532,122271,789957
6,37,997744,108774,122030,798438
6,38,1138579,108928,120537,940305
6,39,1014457,109438,121769,814887
6,40,1060470,109639,121178,861008
6,41,1048908,109567,125695,844945
6,42,993179,110434,121696,792606
6,43,1015503,109929,123441,814796
6,44,1018282,111112,124946,815497
6,45,1097570,111827,124316,900281
6,46,1128169,112274,126112,932678
6,47,1083696,112150,124651,890289
6,48,1144690,113834,125986,950782
6,49,1078843,112863,123704,886333
6,50,1112459,113429,124979,914178
6,51,1128949,113147,126554,928510
6,52,1088230,112702,135199,880000
6,53,1068038,113312,129877,865692
6,54,1056759,114160,132692,852411
6,55,1251303,114428,138152,1037644
6,56,1271447,112680,130221,1066020
6,57,1329151,113270,137193,1115486
6,58,1269484,113172,140691,1050005
6,59,1256665,112662,133829,1041054
7,0,1282539,112853,131560,1065446
7,1,1251570,113950,140798,1024608
7,2,1306238,114262,133696,1087248
7,3,1237783,113609,142462,1004276
7,4,1252009,113954,143094,1014144
7,5,1228822,114454,136409,1013770
7,6,1226446,114539,130656,1020380
7,7,1205050,114925,131443,999069
7,8,1234966,114805,129957,1028827
7,9,1282627,114872,127569,1082165
7,10,1265344,115231,128671,1063316
7,11,1237724,115350,128961,1038099
7,12,1232599,114620,128521,1035175
7,13,1211366,115703,131362,1010846
7,14,1213715,115269,130947,1015132
7,15,1211583,115697,127981,1014006
7,16,1190109,115226,129923,991390
7,17,1204436,116725,141671,993094
7,18,1216046,116181,140588,1007356
7,19,1197850,116750,131799,997114
7,20,1203100,117541,132225,1001685
7,21,1186573,117770,131830,986560
7,22,1212921,116800,128513,1015587
7,23,1232884,117203,131198,1032407
7,24,1231947,118280,132686,1022977
7,25,1297508,117619,132269,1090874
7,26,1310541,117891,133432,1098262
7,27,1264265,117742,131459,1055026
7,28,1451515,118445,133860,1239851
7,29,1334729,118715,135783,1119611
7,30,1279214,118240,133257,1067058
7,31,1265742,117904,132273,1051139
7,32,1265229,117531,135340,1054477
7,33,1287557,117868,134694,1082725
7,34,1292923,117981,133665,1089359
7,35,1325883,117942,136021,1119445
7,36,1324492,117884,138946,1113991
7,37,1305178,119965,145734,1087563
7,38,1286284,120483,151919,1063122
7,39,1308280,121184,147623,1090340
7,40,1345122,121088,148798,1124966
7,41,1312034,120933,146632,1095209
7,42,1346591,120290,146982,1128887
7,43,1329273,120533,147340,1112175
7,44,1370408,120354,145153,1154992
7,45,1462989,120529,145093,1246965
7,46,1385172,121956,148295,1165491
7,47,1378159,122016,149930,1153384
7,48,1365264,121643,147774,1137653
7,49,1379440,120727,147968,1151649
7,50,1391727,120500,148462,1163080
7,51,1408599,121013,149681,1177739
7,52,1380460,121778,147916,1150437
7,53,1385654,122147,147503,1155729
7,54,1409414,121838,145994,1188517
7,55,1391132,121811,146297,1173114
7,56,1303559,121731,143904,1078157
7,57,1368039,121711,145223,1096118
7,58,1381819,122024,145443,1165196
7,59,1639123,122693,143222,1425780
8,0,1583885,122690,143624,1369457
8,1,1530750,122899,143043,1314584
8,2,1527870,122811,141382,1316713
8,3,1238809,122794,142406,1025850
8,4,1211868,122546,138922,1002832
8,5,1217447,122477,142409,1004765
8,6,1233562,122519,139011,1023928
8,7,1238828,123048,144832,1023032
8,8,1241176,122296,141618,1028144
8,9,1248126,121714,137566,1039218
8,10,1241294,122039,136703,1034271
8,11,1262076,122112,137787,1053435
8,12,1288675,121653,135626,1082881
8,13,1295427,121513,139227,1083514
8,14,1260871,121140,137160,1052440
8,15,1236069,120912,134820,1030437
8,16,1243467,120476,136843,1035481
8,17,1298118,121392,134198,1092508
8,18,1298972,121470,135565,1093296
8,19,1257357,122493,136195,1051137
8,20,1252891,123231,137478,1044883
8,21,1295338,123280,145053,1079490
8,22,1291877,123363,151428,1070215
8,23,1258922,123236,138918,1049329
8,24,1290288,123578,137541,1081619
8,25,1322901,123718,137867,1114774
8,26,1331586,123965,136578,1124293
8,27,1351132,123549,134998,1146313
8,28,1373464,122608,135769,1167520
8,29,1350689,123321,134146,1146398
8,30,1305335,124341,133765,1102488
8,31,1585119,124039,133439,1382355
8,32,1298980,124437,136286,1092164
8,33,1241539,124378,136219,1035347
8,34,1243870,125161,132967,1040263
8,35,1239096,125850,137416,1031567
8,36,1260155,125442,136649,1052985
8,37,1269135,126197,137275,1061093
8,38,1254096,125804,135119,1049512
8,39,1227375,125662,136901,1019535
8,40,1237560,125991,138490,1028431
8,41,1239520,126887,137915,1030090
8,42,1276430,125457,136605,1067648
8,43,1291290,126058,139881,1080109
8,44,1326546,125899,136672,1119932
8,45,1257168,126140,138148,1047988
8,46,1282545,125589,136879,1075236
8,47,1300107,126190,142789,1085648
8,48,1296332,125866,141918,1083823
8,49,1298005,126223,141407,1085272
8,50,1256098,126474,137969,1046527
8,51,1262091,126400,136448,1054935
8,52,1241524,125722,137645,1032015
8,53,1262080,126142,136880,1052321
8,54,1300809,126306,136723,1093160
8,55,1256355,126072,136694,1048230
8,56,1297626,125931,136806,1089254
8,57,1290794,125438,134505,1084867
8,58,1256929,126393,137336,1048609
8,59,1268365,127387,138894,1058618
9,0,1254003,126290,135791,1045887
9,1,1269611,126511,135027,1063036
9,2,1312213,127199,140143,1100908
9,3,1374774,127720,175489,1129409
9,4,1353397,127140,172577,1110548
9,5,1296726,126834,174561,1051301
9,6,1328676,126743,176732,1082214
9,7,1405324,126733,172178,1161360
9,8,1402188,128059,172589,1158606
9,9,1358868,128042,174077,1115453
9,10,1339032,127765,171326,1096912
9,11,1416811,128035,169979,1176532
9,12,1418985,127373,169621,1178262
9,13,1422924,127363,171415,1181201
9,14,1477044,127480,169500,1233629
9,15,1520632,127758,197179,1249599
9,16,1564114,127985,224222,1265112
9,17,1673457,128753,235630,1362756
9,18,1595015,128352,219696,1300566
9,19,1570552,129055,231081,1265406
9,20,1560195,129436,223714,1264212
9,21,1559620,129358,231391,1259633
9,22,1561219,129175,234443,1257761
9,23,1525538,129702,230705,1224971
9,24,1505979,130043,238336,1197077
9,25,1551958,131390,240470,1235624
9,26,1513747,131436,232676,1198326
9,27,1501484,131051,233030,1182793
9,28,1517779,130868,242961,1200954
9,29,1533058,131645,237744,1225583
9,30,2529922,131227,236892,2223517
9,31,2594540,131332,237373,2288422
9,32,2478767,131256,236084,2173654
9,33,2496135,130465,228759,2198015
9,34,2490601,130425,230984,2189500
9,35,2528376,129835,233653,2226822
9,36,2483737,129091,197508,2217453
9,37,2475322,129646,192194,2212085
9,38,2418460,130176,194923,2154217
9,39,2475521,129464,193071,2212833
9,40,2484149,129339,203120,2211539
9,41,2519314,128617,216993,2232348
9,42,2527896,128740,220015,2238219
9,43,2513900,128641,227491,2217701
9,44,2501632,128485,230180,2202739
9,45,2480370,129215,226645,2184642
9,46,1494391,128360,211014,1214429
9,47,1445825,127890,208606,1162338
9,48,1514674,128878,221351,1219113
9,49,1443934,128932,217786,1157144
9,50,1439831,129721,218618,1152074
9,51,1462500,130231,212792,1180819
9,52,1446042,129332,217873,1158638
9,53,1430509,130460,215992,1145392
9,54,1444876,130033,222991,1153574
9,55,1394223,129669,211750,1114110
9,56,1441798,129583,220196,1153232
9,57,1466732,130117,227866,1169587
9,58,1561215,128963,229088,1263834
9,59,1475502,129067,224196,1180803
10,0,1474258,128276,212671,1190051
10,1,1397715,127751,209985,1113976
10,2,1398586,127560,219155,1106447
10,3,1405145,129444,231246,1088854
10,4,1389757,129791,225596,1084278
10,5,1419726,129515,228505,1111483
10,6,1435420,129653,230917,1129411
10,7,1411586,129139,237460,1102797
10,8,1398271,129886,234703,1092051
10,9,1442206,131144,235900,1134797
10,10,1440486,131488,229938,1139104
10,11,1425526,131639,243579,1110806
10,12,1460843,130753,238956,1150473
10,13,1572069,132426,245063,1258262
10,14,1546793,132819,246173,1232242
10,15,1474961,133093,238782,1167523
10,16,1464770,133420,250631,1145758
10,17,1451633,133805,246596,1136261
10,18,1481397,135309,251061,1161958
10,19,1519242,136209,243930,1207984
10,20,1608808,137052,239186,1300904
10,21,1715082,136988,251434,1395407
10,22,1571097,137008,251516,1250994
10,23,1475238,136599,252013,1154981
10,24,1494153,136603,251202,1175241
10,25,1505911,137046,252214,1185145
10,26,1497049,136716,252910,1174908
10,27,1504355,136754,252407,1183126
10,28,1464709,135613,251283,1144177
10,29,1468191,135769,252901,1147177
10,30,1450757,136563,246082,1136061
10,31,1542149,136905,249404,1223755
10,32,1445308,135224,247722,1128901
10,33,1417974,136479,248943,1099933
10,34,1412303,135568,242801,1100492
10,35,1427296,134927,241640,1115746
10,36,1445746,135448,246106,1130461
10,37,1524987,135192,245546,1210493
10,38,1449641,136703,247540,1134278
10,39,1437220,135910,245195,1124104
10,40,1440025,136539,234752,1136685
10,41,1467523,136880,237585,1160981
10,42,1437640,136905,246876,1120797
10,43,1436920,137038,245637,1121826
10,44,1465304,136812,243091,1153789
10,45,1512550,138169,249158,1193715
10,46,1583878,139094,249558,1265906
10,47,1516124,138996,248196,1200624
10,48,1484488,139441,253069,1165264
10,49,1539639,139383,250612,1224227
10,50,1518265,139495,252110,1200843
10,51,1513928,139051,251246,1191087
10,52,1518319,138954,250943,1198751
10,53,1528981,139045,250736,1204488
10,54,1529595,138840,245285,1216768
10,55,1728361,139268,243389,1419831
10,56,1956088,139700,247692,1643203
10,57,1928407,138984,259709,1599390
10,58,1869578,139420,254317,1550814
10,59,1865470,139869,252202,1549559
11,0,1883651,139847,240106,1578538
11,1,1719185,139870,246498,1407974
11,2,1436748,139640,244590,1125239
11,3,1468504,139354,251825,1149830
11,4,1441595,140526,250636,1125543
11,5,1467403,141520,257528,1143758
11,6,1499123,143361,264730,1167347
11,7,1480927,143358,265117,1146180
11,8,1487241,142333,259575,1159038
11,9,1502561,143231,263725,1170816
11,10,1510194,143558,253278,1188253
11,11,1503454,142444,263259,1169340
11,12,1496497,143463,264156,1158882
11,13,1530447,143349,271642,1189088
11,14,1596374,143262,271103,1256789
11,15,1592880,142920,261079,1253036
11,16,1598816,143468,266583,1254598
11,17,1560034,143338,266917,1222440
11,18,1557538,142673,267789,1215863
11,19,1500658,142507,259332,1169678
11,20,1494110,142302,259457,1165193
11,21,1511617,139873,256060,1187607
11,22,1539605,140268,252808,1215958
11,23,1454180,140726,257273,1129039
11,24,1488334,141986,261445,1160488
11,25,1479513,141089,246781,1166634
11,26,1453552,141097,239217,1148357
11,27,1438036,141154,238268,1133834
11,28,1426539,140569,243003,1117063
11,29,1452120,141281,246519,1140325
11,30,1428596,142257,241695,1123170
11,31,1440621,142954,256155,1116493
11,32,1410784,141832,253552,1088093
11,33,1410084,142083,253694,1087247
11,34,1413324,141868,252979,1091081
11,35,1443690,142629,249992,1124321
11,36,1404912,141026,243090,1095267
11,37,1468945,140980,250074,1153151
11,38,1464104,141450,252369,1146368
11,39,1470308,141825,255819,1146703
11,40,1490612,142340,261737,1159470
11,41,1493985,142579,263753,1161575
11,42,1436694,142190,259017,1109914
11,43,1432833,143074,261593,1101154
11,44,1425443,142303,257799,1099532
11,45,1454920,143428,250416,1110169
11,46,1444324,142828,251661,1096980
11,47,1457992,143612,243603,1141075
11,48,1453717,142072,236850,1147780
11,49,1481782,142589,244557,1168325
11,50,1505133,142509,237828,1197267
11,51,1512572,143187,241048,1203274
11,52,1484503,142372,241424,1176679
11,53,1514513,143304,240182,1208894
11,54,1519558,142099,233173,1220363
11,55,1492965,141918,224558,1200797
11,56,1484590,141960,235199,1181371
11,57,1484968,141933,240415,1176545
11,58,1476517,142007,231385,1177850
11,59,1463766,141703,232492,1163149
12,0,1445559,140750,222776,1154937
12,1,1509286,141324,234890,1207417
12,2,1506981,140631,231058,1208794
12,3,1470438,141148,226497,1177152
12,4,1460636,142109,237030,1157285
12,5,1429418,143412,240188,1120562
12,6,1411805,142773,236386,1106704
12,7,1601745,142631,239067,1292972
12,8,1486839,142334,243305,1175860
12,9,1414363,142339,244412,1102113
12,10,1433010,143066,249100,1115104
12,11,1425902,144098,237688,1121189
12,12,1433182,143665,251494,1114701
12,13,1432173,143784,251399,1113316
12,14,1435244,143789,239500,1130496
12,15,1454726,143627,242365,1146936
12,16,1500481,142487,238940,1197594
12,17,1477367,142357,235199,1178130
12,18,1508733,142854,244445,1197789
12,19,1493446,142061,239791,1188555
12,20,1493778,141517,250951,1171953
12,21,1483815,141552,250263,1153881
12,22,1466959,142335,244665,1157349
12,23,1517759,143564,244246,1208851
12,24,1479468,143750,247189,1166380
12,25,1546179,143059,249852,1228816
12,26,1480597,143235,244504,1169373
12,27,1491789,143612,242050,1183175
12,28,1781536,143757,249954,1464400
12,29,1479191,143223,251172,1161318
12,30,1457570,144017,241187,1149831
12,31,1455373,143794,243393,1145551
12,32,1442136,143982,245006,1132450
12,33,1466069,144509,244574,1154803
12,34,1457105,144880,245868,1144635
12,35,1475398,143310,246839,1162222
12,36,1497972,143679,238871,1192408
12,37,1484938,143364,237453,1180120
12,38,1405509,143626,238667,1100403
12,39,1459936,143273,234675,1159261
12,40,1466736,142843,221778,1180583
12,41,1487479,142695,237660,1185375
12,42,1482335,142190,223896,1192590
12,43,1542771,142959,213512,1261851
12,44,1542579,141980,230984,1245833
12,45,1437201,140929,235737,1135556
12,46,1578085,141665,242975,1269747
12,47,1454561,142208,238364,1150149
12,48,1519359,141886,240969,1211801
12,49,1534496,142621,237677,1231457
12,50,1602025,142122,238039,1298999
12,51,1483739,142397,239537,1178900
12,52,1515484,143077,237452,1212422
12,53,1513877,142291,239850,1208254
12,54,1512166,142759,234017,1214006
12,55,1532917,142638,224677,1242767
12,56,1525628,142134,226567,1232192
12,57,1477969,141467,230639,1176567
12,58,1471576,141685,236168,1167327
12,59,1488052,141447,239260,1182533
13,0,1509937,141043,241615,1202678
13,1,1566670,140745,238079,1264907
13,2,1537525,141013,234320,1240150
13,3,1518688,142056,235882,1214744
13,4,1482917,141692,238483,1174404
13,5,1446049,141587,244491,1133631
13,6,1480672,141029,235616,1175813
13,7,1480944,141864,239472,1172332
13,8,1504456,141793,246292,1187304
13,9,1452029,140872,242326,1140715
13,10,1433869,140782,236175,1129271
13,11,1428022,140042,237321,1118841
13,12,1444099,140703,235363,1139343
13,13,1427883,141553,242520,1116377
13,14,1408766,141519,233615,1107164
13,15,1450407,141620,228593,1152511
13,16,1431272,141601,241557,1120071
13,17,1438153,142831,242093,1127429
13,18,1416423,141918,234296,1113754
13,19,1447377,142373,237033,1140773
13,20,1464769,142010,239270,1155988
13,21,1498004,143276,233593,1195007
13,22,1474815,144339,243207,1163156
13,23,1773447,144159,240390,1463706
13,24,2355925,143856,240730,2046813
13,25,1859595,142346,226104,1563398
13,26,2165942,141889,237893,1857828
13,27,2015296,141496,239103,1706995
13,28,2425944,141543,241638,2116356
13,29,1921397,141622,233826,1618145
13,30,2325022,141990,232695,2023522
13,31,2417800,141473,231160,2117422
13,32,2333310,142540,242545,2021296
13,33,2327066,142738,235239,2024413
13,34,2376262,142955,232216,2077103
13,35,2324550,142862,243089,2014965
13,36,2346012,142456,241729,2037738
13,37,2466470,143378,242508,2158333
13,38,4263686,142823,236402,3959690
13,39,4333099,141275,240435,4027330
13,40,4346430,142264,226055,4052749
13,41,4156327,141704,237282,3849029
13,42,3409046,142330,233730,3104503
13,43,3438149,142437,239083,3129185
13,44,3487416,142525,235972,3184059
13,45,3434823,143455,238647,3129077
13,46,2796107,143028,238393,2490351
13,47,1635324,143524,234208,1332881
13,48,1658059,143043,235072,1355151
13,49,1664032,142193,238055,1359257
13,50,1666746,142062,238663,1360665
13,51,1602040,141775,236977,1297465
13,52,1451430,141848,231287,1153752
13,53,1420709,142916,235383,1117502
13,54,1467688,141544,232567,1168182
13,55,1514954,141742,229136,1218604
13,56,1599845,142473,233138,1299916
13,57,1463775,141700,221666,1175851
13,58,1485288,142175,224479,1188568
13,59,1510084,142568,230969,1206665
14,0,1552733,142274,231345,1248365
14,1,1451583,142130,234975,1144138
14,2,1432009,142116,234562,1125101
14,3,1457125,141439,231950,1153855
14,4,1464858,140654,235033,1157288
14,5,1452329,141981,237037,1141913
14,6,1459307,141637,232366,1153784
14,7,1496564,141101,239732,1184864
14,8,1512226,141778,240630,1200050
14,9,1425550,142389,235913,1116939
14,10,1404923,142817,237284,1094001
14,11,1423346,142198,223706,1127664
14,12,1476518,140911,237868,1166931
14,13,1453533,140550,238209,1142462
14,14,1500094,140754,231183,1197117
14,15,1566916,141051,227604,1267227
14,16,1537321,140918,226937,1237260
14,17,1552929,140176,233761,1247832
14,18,1485936,139437,236966,1176423
14,19,1532630,140728,236019,1225514
14,20,1469998,140511,233258,1165579
14,21,1566173,140682,237986,1256310
14,22,1554695,140241,233015,1250711
14,23,1446502,140315,228558,1146782
14,24,2583608,139062,225403,2288510
14,25,6799479,137166,210547,6522517
14,26,6716050,136948,204770,6444029
14,27,4769182,136227,212200,4489639
14,28,1464400,138773,225855,1164478
14,29,1421943,139915,230602,1119149
14,30,1447628,139624,220176,1153944
14,31,1426011,139838,192649,1162551
14,32,1391435,138833,184625,1137440
14,33,1494315,139329,183109,1240947
14,34,1476454,139404,181382,1223179
14,35,1415902,139669,180335,1166044
14,36,1414667,140075,181758,1163788
14,37,1401282,140178,182406,1149409
14,38,1398490,140207,182353,1144765
14,39,1452591,140963,187626,1192805
14,40,1533986,140342,188648,1272856
14,41,1462621,138528,180478,1211736
14,42,1469459,137883,178816,1220343
14,43,1518644,138168,179876,1266974
14,44,1535044,137556,173529,1291162
14,45,1467737,138219,180787,1216253
14,46,1474545,138465,175143,1229468
14,47,1488484,139196,179400,1236020
14,48,1451737,137771,178151,1201304
14,49,1483175,138101,182130,1227941
14,50,1559257,138232,180906,1304207
14,51,1490533,138610,186758,1231511
14,52,1474628,138719,187750,1215525
14,53,1453532,137615,179682,1202240
14,54,1449101,137439,184508,1191292
14,55,1481156,137631,179971,1230825
14,56,1446907,136872,180548,1194025
14,57,1502641,136509,181007,1249914
14,58,1668525,135136,174922,1419974
14,59,1813901,135392,174238,1567113
15,0,1813726,135294,175832,1564036
15,1,1842621,135613,174023,1595068
15,2,1718087,135192,167763,1477634
15,3,1487979,135577,170079,1244658
15,4,1478050,134876,170038,1235774
15,5,1445685,134163,170781,1203099
15,6,2226321,134744,172493,1981254
15,7,3180795,134680,170414,2938591
15,8,3380682,134307,168067,3140882
15,9,3413857,134649,174278,3168697
15,10,3396951,134794,170961,3154325
15,11,3322366,135188,172705,3077810
15,12,3056874,135238,167086,2819808
15,13,3101597,135012,170752,2865351
15,14,3124221,135206,176950,2884800
15,15,3116507,135108,170457,2882033
15,16,3052777,135327,173233,2815878
15,17,1550381,135435,171560,1315775
15,18,1551362,134985,173960,1313472
15,19,1506790,134331,176102,1266481
15,20,1497509,135043,168194,1266209
15,21,1469038,135778,181867,1225106
15,22,1432392,135243,175072,1196222
15,23,1444212,136951,183237,1198312
15,24,1468530,136533,179656,1228320
15,25,1531308,135988,183157,1287993
15,26,1468352,135527,179135,1228103
15,27,1466137,135892,182917,1221091
15,28,1403448,135847,184646,1158679
15,29,1439200,135333,187042,1190934
15,30,1433825,135951,187867,1181707
15,31,1501486,135565,185267,1253639
15,32,1535322,135847,183206,1290380
15,33,1295000,134183,173261,1058893
15,34,1341539,134961,181347,1092726
15,35,1339116,133643,178608,1096323
15,36,1312391,133802,178544,1059047
15,37,1356071,132600,175057,1116163
15,38,1257340,132000,170473,1020025
15,39,1215980,130971,169157,984671
15,40,1219366,131038,177960,979538
15,41,1251156,131172,187805,999272
15,42,1231424,132431,188529,972844
15,43,1213532,129977,178508,972751
15,44,1194226,130280,172232,959245
15,45,1217801,130575,180025,976966
15,46,1180134,130592,182304,936726
15,47,1194812,129981,173742,957275
15,48,1228138,128712,172431,991603
15,49,1114294,128890,172058,877701
15,50,2165692,128540,176184,1911196
15,51,2465868,128431,177214,2208748
15,52,2483305,129309,176999,2233440
15,53,2650417,129671,180836,2392056
15,54,2498147,130320,184478,2244159
15,55,2553058,130157,188881,2300615
15,56,2483751,130421,184837,2220594
15,57,2516304,130481,184485,2252924
15,58,2513692,129629,183482,2263173
15,59,2456294,129588,179230,2216290
16,0,2372626,129521,168570,2142976
16,1,2527680,130049,187860,2277725
16,2,2530368,130797,189523,2275173
16,3,1593669,130934,187929,1342998
16,4,1182093,129926,171108,947343
16,5,1210782,131053,155510,993039
16,6,1132198,130942,149553,920236
16,7,1148760,130336,145464,941736
16,8,1221249,129708,146660,1012007
16,9,1136846,129606,146273,928461
16,10,1157117,129555,146438,947653
16,11,1117461,129288,145048,914033
16,12,1138698,129161,144796,936754
16,13,1176540,129087,142938,968392
16,14,1191628,129098,145422,970843
16,15,1188338,129412,143761,972446
16,16,1173326,129683,150039,950482
16,17,1158527,130330,153635,936815
16,18,1145294,130025,151513,941995
16,19,1154199,129732,149150,954552
16,20,1135034,129518,150743,921777
16,21,1137099,129672,151240,923252
16,22,1148492,129611,151130,943708
16,23,1207615,129012,147587,1008018
16,24,1260271,129038,149584,1058365
16,25,1160399,129085,150579,956771
16,26,1157688,129347,152450,938506
16,27,1170236,129000,149308,947175
16,28,1182355,128424,148861,979225
16,29,1184271,128194,148909,981844
16,30,1239371,128356,149834,1036980
16,31,1289300,128113,150661,1082010
16,32,1296516,127699,149933,1096653
16,33,1200990,127762,148110,1001651
16,34,1219042,127589,139675,1029407
16,35,1221679,127106,134103,1038464
16,36,1245970,126032,130663,1066105
16,37,1261519,126072,128280,1082224
16,38,1283983,126457,127642,1095471
16,39,1257148,126104,126305,1068592
16,40,1313496,126038,125243,1121694
16,41,1317901,125521,123470,1132774
16,42,1269553,124342,122621,1083459
16,43,1216704,124615,123767,1030203
16,44,1245503,124367,122737,1060824
16,45,1309076,124307,124233,1123262
16,46,1426936,124100,120039,1244838
16,47,1680429,123698,119561,1496813
16,48,1681754,123133,122766,1491636
16,49,1631505,122742,133734,1430627
16,50,1694279,122862,129941,1497211
16,51,1666483,122325,114786,1490560
16,52,1568808,122939,116798,1391131
16,53,1608095,122541,116000,1430982
16,54,1598138,121389,113859,1422934
16,55,1636321,120885,113227,1462156
16,56,1728236,121220,111640,1555566
16,57,1665470,121894,114504,1489643
16,58,1557430,121432,114675,1382840
16,59,1521453,121446,114878,1345552
17,0,1524547,122390,121337,1341838
17,1,1565996,123762,126702,1377170
17,2,1603945,123805,132391,1409505
17,3,1550566,124719,133245,1356546
17,4,1468291,124867,142145,1262656
17,5,1506449,125251,139476,1305885
17,6,1526906,124690,137935,1325674
17,7,1488196,124968,141687,1284672
17,8,1586941,125297,144049,1379656
17,9,1558758,125188,140324,1354224
17,10,1659627,125178,140101,1455091
17,11,1587111,124605,135290,1388826
17,12,1495393,124851,138916,1291689
17,13,1525152,124920,136696,1324066
17,14,1439566,124925,140154,1236228
17,15,1656950,124932,140590,1452849
17,16,1470339,124556,136393,1270807
17,17,1570789,124650,135023,1374126
17,18,1509109,123733,130007,1316843
17,19,1513254,124176,132493,1315808
17,20,1549475,123868,130863,1352998
17,21,1500681,123965,131799,1306434
17,22,1557775,123520,131980,1362718
17,23,1551378,123845,133434,1355778
17,24,1486556,123448,131191,1293217
17,25,1464830,123819,134623,1268798
17,26,1632767,123607,133035,1436413
17,27,1711947,123630,134581,1514504
17,28,1621330,123406,133367,1426690
17,29,1638938,123523,133733,1444421
17,30,1646764,122893,132368,1453950
17,31,1608438,123071,133257,1408307
17,32,1643548,122550,133290,1446417
17,33,1641003,123267,137338,1439305
17,34,1553220,122676,131590,1357440
17,35,1360761,122442,133842,1162096
17,36,1293574,121313,131516,1096327
17,37,1302106,120568,127734,1109658
17,38,1358159,120889,127336,1163402
17,39,1431080,120640,124030,1233937
17,40,1288316,119673,121466,1099916
17,41,1309186,119941,123420,1117672
17,42,1668174,119997,124415,1478308
17,43,1706374,119955,127188,1516246
17,44,1625311,119790,125058,1433686
17,45,1550078,119464,124577,1360954
17,46,1287094,119596,124397,1093357
17,47,1120845,119307,126015,932242
17,48,1143570,119586,125765,957668
17,49,1110465,118730,122714,922261
17,50,1160376,118490,122025,971829
17,51,1140647,117989,121064,954846
17,52,1148539,117950,123182,959799
17,53,1168955,117305,120573,985032
17,54,1157235,116176,117792,971701
17,55,1176685,116197,117184,994272
17,56,1756325,116381,116385,1576876
17,57,1187869,115980,113654,1012817
17,58,1122527,115541,113854,947093
17,59,1160138,115729,114296,983719
18,0,1171678,115833,115800,994568
18,1,1158974,116578,116147,982624
18,2,1202318,117771,125020,1011297
18,3,1142880,117430,125092,948273
18,4,1146886,117445,123676,957815
18,5,1216663,117791,126980,1027627
18,6,1112373,117299,123849,926681
18,7,1157761,117347,124249,970471
18,8,1156186,116570,121393,970437
18,9,1144053,116708,122359,959984
18,10,1112320,116994,124698,924634
18,11,1084350,116294,123902,898390
18,12,1114437,116080,123598,925287
18,13,1144219,116124,123947,956685
18,14,1149231,116356,123404,962696
18,15,1195478,115974,120935,1010372
18,16,1286043,116306,122595,1098383
18,17,1306227,115680,121986,1122175
18,18,1314538,115990,121895,1132831
18,19,1278825,116339,123958,1093140
18,20,1242829,116082,123336,1060331
18,21,1250032,116506,126038,1065123
18,22,1274122,114796,117522,1097255
18,23,1300581,115265,118487,1117969
18,24,1358688,115559,120483,1174595
18,25,1277513,114948,121859,1091450
18,26,1321092,114714,121099,1133719
18,27,1196176,114668,120158,1012237
18,28,1190063,114309,119193,1008210
18,29,1247926,114120,123494,1061067
18,30,1220152,114466,130111,1028597
18,31,1251686,114156,128388,1062565
18,32,1324222,114202,131046,1126464
18,33,1244387,114374,130806,1047165
18,34,1200137,115935,142854,991461
18,35,1218365,115912,136662,1014559
18,36,1226912,115630,130334,1031291
18,37,1292017,115426,130016,1100477
18,38,1264809,114772,130995,1075323
18,39,1337029,113869,125995,1153282
18,40,1318860,114634,128916,1131290
18,41,1333941,114627,129894,1145445
18,42,1331611,114917,128687,1144639
18,43,1287608,114794,131280,1097188
18,44,1278977,114602,127349,1092863
18,45,1413456,115450,136389,1216601
18,46,1331841,116077,135755,1133875
18,47,1216443,116355,135791,1019013
18,48,1230550,116452,138903,1016159
18,49,1209889,116008,138157,990476
18,50,1329476,115264,137855,1109761
18,51,1307981,114987,136274,1093537
18,52,1266009,114148,136806,1053186
18,53,1225349,112423,124074,1027594
18,54,1207949,110716,114131,1014926
18,55,1165427,110225,115772,969445
18,56,1131722,110244,114587,932992
18,57,1169755,109638,113315,983889
18,58,1267882,110896,120265,1075774
18,59,1184474,111007,124949,986169
19,0,1205628,110914,122061,1006934
19,1,1203817,110018,120185,1006965
19,2,1250369,110351,120585,1056023
19,3,1189418,110627,121059,993803
19,4,1175285,110660,121937,977396
19,5,1158797,110143,118671,963980
19,6,1193519,109604,118479,998567
19,7,1200122,109942,118783,1005804
19,8,1146873,110368,118595,953059
19,9,1130799,110685,123213,935821
19,10,1098006,110800,122321,898917
19,11,1098483,110187,118972,902643
19,12,1089890,110712,120080,887248
19,13,1065024,110363,120498,866720
19,14,1095199,110441,123491,891690
19,15,1097643,109847,121900,897796
19,16,1105057,109454,123378,903249
19,17,1118223,109918,124187,915319
19,18,1142498,110292,125734,938819
19,19,1205811,110256,124768,1003254
19,20,1179013,110815,127340,975058
19,21,1168323,111387,130511,960288
19,22,1173958,111690,135786,960933
19,23,1125222,111337,136195,912365
19,24,1118459,110994,134673,905743
19,25,1121929,111270,137174,907355
19,26,1115717,110401,135717,901617
19,27,1120606,109878,133214,909614
19,28,1139729,108729,130014,929183
19,29,1177759,106994,123895,972962
19,30,1227495,106984,123978,1019630
19,31,1129324,106934,122113,923605
19,32,1114457,106137,120100,908922
19,33,1114843,106126,120863,910388
19,34,1122988,106498,122151,916050
19,35,1085107,106150,122919,878846
19,36,1087288,106257,120738,883630
19,37,1055419,105546,119423,853071
19,38,1110366,103855,113246,912491
19,39,1186733,102946,112265,988908
19,40,1115291,102787,113420,917084
19,41,1098365,103125,112491,902498
19,42,1151753,102465,110890,959819
19,43,1120924,102152,112326,929721
19,44,1186808,102492,112241,995303
19,45,1083656,101728,109281,894426
19,46,1150396,101692,108360,963114
19,47,1127389,101289,111046,937108
19,48,1136360,101213,111540,943076
19,49,1117143,100903,110563,927760
19,50,1124819,100936,111423,932678
19,51,1085064,100791,111006,893156
19,52,1190606,100845,109503,976511
19,53,1143069,100541,111725,933712
19,54,1085980,100228,110879,899102
19,55,1151757,100703,108891,967246
19,56,1086320,100131,108056,900435
19,57,1116990,100112,110973,930532
19,58,1132883,100054,111999,942747
19,59,1128574,100109,110496,935628
20,0,1086195,98777,109819,898221
20,1,1135723,99007,110452,947802
20,2,1225486,99303,110233,1032560
20,3,1235283,99179,111269,1046440
20,4,1160492,99221,112441,968786
20,5,1353481,99636,112936,1161967
20,6,1341191,99662,113706,1147891
20,7,1282628,99703,110466,1095091
20,8,1258374,98667,111491,1069476
20,9,1260456,98321,111275,1072008
20,10,1230298,98148,112423,1040027
20,11,1217441,97556,109184,1031302
20,12,1275621,98092,114219,1078598
20,13,1260140,98019,114794,1067498
20,14,1254465,97707,114333,1060175
20,15,1283589,97108,112149,1086894
20,16,1261862,96946,111571,1062895
20,17,1265292,96687,110074,1077988
20,18,1289647,96858,112484,1099238
20,19,1256616,96301,110198,1041435
20,20,4211646,96157,109072,3962962
20,21,5850915,95876,109589,5661491
20,22,5788847,95462,109201,5597128
20,23,5299490,95216,110676,5109932
20,24,1039187,94849,110380,848261
20,25,1026795,94145,108432,838417
20,26,1130808,94648,109277,943893
20,27,1100634,94362,107467,910256
20,28,1053362,94658,108485,843740
20,29,1044745,94294,108675,841877
20,30,1050369,94445,110088,844109
20,31,1042838,94784,110148,836134
20,32,1047752,94831,110526,842569
20,33,1035900,94624,114731,841878
20,34,1035033,94783,112415,842358
20,35,1046746,93969,113458,855408
20,36,1051153,92974,108573,858993
20,37,1067510,92785,107602,862775
20,38,1106438,92412,103263,905045
20,39,1098136,92244,108553,891021
20,40,1119754,91829,105724,915739
20,41,1124653,91738,104761,921049
20,42,1132667,92225,107391,924738
20,43,1215869,92230,110443,1007589
20,44,1322713,92607,110270,1114963
20,45,1160535,92009,110078,949930
20,46,1104498,91500,110807,895112
20,47,1041572,91143,109660,840427
20,48,1050755,91306,110498,864290
20,49,1133896,91039,109712,948610
20,50,1109103,90413,109194,922693
20,51,1123293,90704,109394,932281
20,52,1201604,90475,110427,1006219
20,53,1175931,90442,110137,985368
20,54,1151012,89849,109786,958514
20,55,1215799,89473,109500,1025079
20,56,1211985,89560,108900,1023673
20,57,2434790,89296,106785,2246914
20,58,2391758,88869,106211,2203659
20,59,2433843,88832,107462,2237854
21,0,2336343,88789,107929,2130163
21,1,2316701,88362,110011,2116856
21,2,2268855,88197,105560,2044792
21,3,2235134,87959,104864,2012345
21,4,2202584,87884,109047,1972064
21,5,2228173,87448,107281,2001680
21,6,2220330,87102,105777,1994283
21,7,2197498,85862,99908,1980067
21,8,2181336,86096,101060,1959437
21,9,2211459,85400,98744,1991248
21,10,1182783,85240,104189,954369
21,11,1015982,84731,98646,795343
21,12,989124,84577,98435,770155
21,13,1190720,84046,93739,975083
21,14,1095905,83494,94721,869523
21,15,1010420,83354,93862,804223
21,16,983923,82260,92546,783673
21,17,970804,82209,91422,771565
21,18,1071976,81677,90345,872011
21,19,1264033,82774,92162,1062529
21,20,1216063,82915,93337,994746
21,21,1304874,81943,91809,1069734
21,22,1294325,82552,90758,1055182
21,23,1249029,81774,89855,1030484
21,24,1275724,81292,89110,1073228
21,25,1215271,81434,90725,1011348
21,26,1234602,80300,87656,1032524
21,27,1638920,80337,88368,1437944
21,28,1517030,80305,86717,1316242
21,29,1513946,80529,89569,1309033
21,30,1496832,80591,89931,1292931
21,31,1478817,80332,88890,1297106
21,32,1449137,80254,92780,1280731
21,33,1581544,80411,91547,1417755
21,34,1783281,80600,91801,1618435
21,35,1823273,80336,95261,1653561
21,36,1847181,80429,93839,1679009
21,37,1604819,80690,94207,1439837
21,38,1372752,80508,94916,1203705
21,39,1224343,80293,91330,1061640
21,40,1351612,80466,91349,1185402
21,41,1292311,80043,91867,1126258
21,42,1287588,79758,91087,1105361
21,43,1288818,79942,94206,1088923
21,44,1307372,79896,93251,1123223
21,45,1321357,79757,93229,1135898
21,46,1304880,80218,94550,1115211
21,47,1309652,79761,96878,1121932
21,48,1397146,79897,96008,1222328
21,49,1367317,79939,95802,1197024
21,50,1395255,79530,94296,1226884
21,51,1370539,78908,94287,1202246
21,52,1245213,79039,92179,1079429
21,53,1217170,79243,94475,1050529
21,54,1210818,79287,95723,1026734
21,55,1183632,79623,97809,1008640
21,56,1158565,78853,96491,982316
21,57,1174325,78782,96339,998377
21,58,1203674,79060,96919,1028248
21,59,1170395,78966,94765,998443
22,0,1166025,78960,98573,988514
22,1,1317655,79021,94114,1146704
22,2,1286412,79509,97376,1115676
22,3,1205077,79882,98878,1033782
22,4,1264394,79211,98421,1091394
22,5,1233792,78965,98859,1046654
22,6,1260557,78801,97593,1074164
22,7,1325765,79407,99267,1148091
22,8,1340846,78836,99189,1162883
22,9,1380816,79501,101501,1195500
22,10,1440972,79498,100402,1255324
22,11,1416043,78998,97638,1239224
22,12,1435076,79083,101090,1260058
22,13,1317359,78959,101434,1139282
22,14,1208453,78846,98356,1038221
22,15,950063,78789,101427,771101
22,16,917023,79144,98182,733764
22,17,937197,79095,101427,723721
22,18,909195,81470,113308,718879
22,19,941926,81327,117219,742261
22,20,938268,81467,115339,749021
22,21,1016639,82088,116689,825699
22,22,1052417,82046,115066,859839
22,23,1000193,81998,116586,810000
22,24,999659,81971,116100,809063
22,25,959103,81455,114801,770114
22,26,988060,81817,116640,797127
22,27,945589,81504,115098,753772
22,28,1006470,81803,118824,793300
22,29,1139138,81438,114825,912008
22,30,1049191,81904,113593,819355
22,31,1077266,82075,116307,848318
22,32,1649091,81817,114837,1440582
22,33,1635394,81557,112520,1449365
22,34,1644571,79558,102653,1468605
22,35,1651673,79574,104946,1472909
22,36,1624854,79621,104461,1445914
22,37,1609111,79707,105200,1426742
22,38,1650140,79552,102894,1472138
22,39,1683759,79541,103633,1505537
22,40,1622823,80093,104266,1444190
22,41,1611422,80846,110629,1420815
22,42,1621573,80702,111260,1434974
22,43,1657754,80996,111208,1471268
22,44,1597021,81272,108283,1414497
22,45,1554634,81376,111063,1368390
22,46,1580185,80895,108693,1397589
22,47,1720833,81622,109320,1538055
22,48,1809947,81057,110047,1626155
22,49,1785524,80974,110921,1600633
22,50,1844965,81100,108429,1663009
22,51,1839863,80914,109388,1657215
22,52,1803746,81027,110964,1619257
22,53,1814533,80648,108335,1632862
22,54,1813953,80826,110332,1630360
22,55,1804855,80921,109149,1621389
22,56,1775927,81173,109512,1592242
22,57,1723877,81344,112470,1534995
22,58,1860001,81225,110522,1672851
22,59,2569317,81259,110905,2384915
23,0,2577534,81339,107174,2397138
23,1,2616425,81284,109653,2431506
23,2,2649252,81696,111737,2463177
23,3,2618576,81767,108345,2436010
23,4,2617565,81237,109563,2435222
23,5,2605799,81271,107631,2426614
23,6,2568422,81423,109569,2384546
23,7,2561283,81499,106943,2379523
23,8,2571034,81782,109899,2390136
23,9,2549733,81720,108346,2369476
23,10,2553401,82433,111837,2369587
23,11,2579495,82423,109518,2395492
23,12,2515263,82174,108953,2334073
23,13,2574730,82634,113023,2389144
23,14,2546551,81508,108840,2365435
23,15,2522858,80740,104116,2347751
23,16,2420927,80380,104975,2245311
23,17,2140424,80066,102840,1968071
23,18,1490222,80400,103253,1318546
23,19,1520291,80116,105591,1346443
23,20,1625648,80455,103839,1448978
23,21,1564185,80537,100513,1384757
23,22,1522201,80542,104446,1347581
23,23,1565932,80054,101950,1395551
23,24,1534747,80340,101715,1362297
23,25,1638461,80277,103406,1465534
23,26,1649852,80635,102939,1476572
23,27,1680466,80333,104195,1506539
23,28,1612196,80437,101392,1443584
23,29,1590968,80838,102871,1419292
23,30,1603918,80353,100324,1434312
23,31,1638074,80121,99465,1469931
23,32,1586698,80835,103250,1413593
23,33,1577460,81790,104611,1404650
23,34,1570217,81209,103329,1396604
23,35,1633946,81208,103007,1461389
23,36,1615046,81548,103807,1441948
23,37,1586055,82189,107643,1408553
23,38,1629715,82247,106868,1452762
23,39,1636450,83915,115483,1451357
23,40,1612446,84302,114518,1414886
23,41,1568778,84092,116102,1373679
23,42,1622637,83630,113517,1437636
23,43,1727160,84328,115805,1537599
23,44,1799649,85092,115273,1611329
23,45,1754750,85515,119106,1562746
23,46,1752297,86273,117609,1563152
23,47,1776125,86062,116619,1591269
23,48,1783525,86201,119110,1593340
23,49,1817713,86654,119688,1628140
23,50,1846773,86282,118482,1658150
23,51,1804568,86673,119455,1614333
23,52,1671193,86871,117205,1484084
23,53,1710025,87675,119346,1519134
23,54,1771112,87499,122842,1575488
23,55,1705911,88074,123674,1511876
23,56,1696326,89007,121830,1503789
23,57,1707794,89181,122325,1514735
23,58,1731872,88873,123753,1535070
23,59,1728612,88731,123968,1533687
